No,Title,Acceptance,Difficulty,Frequency,Tree,Depth-First Search,Binary Search Tree,Binary Tree,Hash Table,Breadth-First Search,Graph,Two Pointers,String,String Matching,Array,Sorting,Divide and Conquer,Heap (Priority Queue),Bucket Sort,Counting,Quickselect,Rolling Hash,Hash Function,Topological Sort,Dynamic Programming,Trie,Memoization,Math,Design,Randomized,Sliding Window,Stack,Recursion
285,Inorder Successor in BST,49.5%,Medium,1.9881576768364977,1,1,1,1,0,0,0,0,0,0,0,0,0,0,0,0,0,0,0,0,0,0,0,0,0,0,0,0,0
133,Clone Graph,56.6%,Medium,1.3016065613499457,0,1,0,0,1,1,1,0,0,0,0,0,0,0,0,0,0,0,0,0,0,0,0,0,0,0,0,0,0
28,Find the Index of the First Occurrence in a String,41.9%,Easy,1.217469574098299,0,0,0,0,0,0,0,1,1,1,0,0,0,0,0,0,0,0,0,0,0,0,0,0,0,0,0,0,0
75,Sort Colors,61.7%,Medium,1.0839949194123544,0,0,0,0,0,0,0,1,0,0,1,1,0,0,0,0,0,0,0,0,0,0,0,0,0,0,0,0,0
347,Top K Frequent Elements,62.7%,Medium,0.3974438039258023,0,0,0,0,1,0,0,0,0,0,1,1,1,1,1,1,1,0,0,0,0,0,0,0,0,0,0,0,0
214,Shortest Palindrome,33.2%,Hard,0.3595554068040865,0,0,0,0,0,0,0,0,1,1,0,0,0,0,0,0,0,1,1,0,0,0,0,0,0,0,0,0,0
269,Alien Dictionary,35.7%,Hard,0.2933478099874582,0,1,0,0,0,1,1,0,1,0,1,0,0,0,0,0,0,0,0,1,0,0,0,0,0,0,0,0,0
139,Word Break,46.6%,Medium,0.1834394998952958,0,0,0,0,1,0,0,0,1,0,1,0,0,0,0,0,0,0,0,0,1,1,1,0,0,0,0,0,0
215,Kth Largest Element in an Array,66.8%,Medium,0.0290062230482862,0,0,0,0,0,0,0,0,0,0,1,1,1,1,0,0,1,0,0,0,0,0,0,0,0,0,0,0,0
380,Insert Delete GetRandom O(1),54.4%,Medium,0.0,0,0,0,0,1,0,0,0,0,0,1,0,0,0,0,0,0,0,0,0,0,0,0,1,1,1,0,0,0
424,Longest Repeating Character Replacement,53.5%,Medium,0.0,0,0,0,0,1,0,0,0,1,0,0,0,0,0,0,0,0,0,0,0,0,0,0,0,0,0,1,0,0
442,Find All Duplicates in an Array,73.6%,Medium,0.0,0,0,0,0,1,0,0,0,0,0,1,0,0,0,0,0,0,0,0,0,0,0,0,0,0,0,0,0,0
600,Non-negative Integers without Consecutive Ones,39.7%,Hard,0.0,0,0,0,0,0,0,0,0,0,0,0,0,0,0,0,0,0,0,0,0,1,0,0,0,0,0,0,0,0
692,Top K Frequent Words,57.8%,Medium,0.0,0,0,0,0,1,0,0,0,1,0,0,1,0,1,1,1,0,0,0,0,0,1,0,0,0,0,0,0,0
772,Basic Calculator III,50.2%,Hard,0.0,0,0,0,0,0,0,0,0,1,0,0,0,0,0,0,0,0,0,0,0,0,0,0,1,0,0,0,1,1
